phrase,model,temperature,repetition_penalty,top_p,success,error
"Write Python code for addition, subtraction, division, multiplication, and other similar operations, all a part of one class",sentence-transformers/paraphrase-multilingual-MiniLM-L12-v2,0.25,1.0,0.75,False,"The current model class (BertModel) is not compatible with `.generate()`, as it doesn't have a language model head. Classes that support generation often end in one of these names: ['ForCausalLM', 'ForConditionalGeneration', 'ForSpeechSeq2Seq', 'ForVision2Seq']."
"Write Python code for addition, subtraction, division, multiplication, and other similar operations, all a part of one class",sentence-transformers/paraphrase-multilingual-MiniLM-L12-v2,0.25,1.0,0.85,False,"The current model class (BertModel) is not compatible with `.generate()`, as it doesn't have a language model head. Classes that support generation often end in one of these names: ['ForCausalLM', 'ForConditionalGeneration', 'ForSpeechSeq2Seq', 'ForVision2Seq']."
"Write Python code for addition, subtraction, division, multiplication, and other similar operations, all a part of one class",sentence-transformers/paraphrase-multilingual-MiniLM-L12-v2,0.25,1.0,0.95,False,"The current model class (BertModel) is not compatible with `.generate()`, as it doesn't have a language model head. Classes that support generation often end in one of these names: ['ForCausalLM', 'ForConditionalGeneration', 'ForSpeechSeq2Seq', 'ForVision2Seq']."
"Write Python code for addition, subtraction, division, multiplication, and other similar operations, all a part of one class",sentence-transformers/paraphrase-multilingual-MiniLM-L12-v2,0.25,2.0,0.75,False,"The current model class (BertModel) is not compatible with `.generate()`, as it doesn't have a language model head. Classes that support generation often end in one of these names: ['ForCausalLM', 'ForConditionalGeneration', 'ForSpeechSeq2Seq', 'ForVision2Seq']."
"Write Python code for addition, subtraction, division, multiplication, and other similar operations, all a part of one class",sentence-transformers/paraphrase-multilingual-MiniLM-L12-v2,0.25,2.0,0.85,False,"The current model class (BertModel) is not compatible with `.generate()`, as it doesn't have a language model head. Classes that support generation often end in one of these names: ['ForCausalLM', 'ForConditionalGeneration', 'ForSpeechSeq2Seq', 'ForVision2Seq']."
"Write Python code for addition, subtraction, division, multiplication, and other similar operations, all a part of one class",sentence-transformers/paraphrase-multilingual-MiniLM-L12-v2,0.25,2.0,0.95,False,"The current model class (BertModel) is not compatible with `.generate()`, as it doesn't have a language model head. Classes that support generation often end in one of these names: ['ForCausalLM', 'ForConditionalGeneration', 'ForSpeechSeq2Seq', 'ForVision2Seq']."
"Write Python code for addition, subtraction, division, multiplication, and other similar operations, all a part of one class",sentence-transformers/paraphrase-multilingual-MiniLM-L12-v2,0.25,3.0,0.75,False,"The current model class (BertModel) is not compatible with `.generate()`, as it doesn't have a language model head. Classes that support generation often end in one of these names: ['ForCausalLM', 'ForConditionalGeneration', 'ForSpeechSeq2Seq', 'ForVision2Seq']."
"Write Python code for addition, subtraction, division, multiplication, and other similar operations, all a part of one class",sentence-transformers/paraphrase-multilingual-MiniLM-L12-v2,0.25,3.0,0.85,False,"The current model class (BertModel) is not compatible with `.generate()`, as it doesn't have a language model head. Classes that support generation often end in one of these names: ['ForCausalLM', 'ForConditionalGeneration', 'ForSpeechSeq2Seq', 'ForVision2Seq']."
"Write Python code for addition, subtraction, division, multiplication, and other similar operations, all a part of one class",sentence-transformers/paraphrase-multilingual-MiniLM-L12-v2,0.25,3.0,0.95,False,"The current model class (BertModel) is not compatible with `.generate()`, as it doesn't have a language model head. Classes that support generation often end in one of these names: ['ForCausalLM', 'ForConditionalGeneration', 'ForSpeechSeq2Seq', 'ForVision2Seq']."
"Write Python code for addition, subtraction, division, multiplication, and other similar operations, all a part of one class",sentence-transformers/paraphrase-multilingual-MiniLM-L12-v2,0.25,4.0,0.75,False,"The current model class (BertModel) is not compatible with `.generate()`, as it doesn't have a language model head. Classes that support generation often end in one of these names: ['ForCausalLM', 'ForConditionalGeneration', 'ForSpeechSeq2Seq', 'ForVision2Seq']."
"Write Python code for addition, subtraction, division, multiplication, and other similar operations, all a part of one class",sentence-transformers/paraphrase-multilingual-MiniLM-L12-v2,0.25,4.0,0.85,False,"The current model class (BertModel) is not compatible with `.generate()`, as it doesn't have a language model head. Classes that support generation often end in one of these names: ['ForCausalLM', 'ForConditionalGeneration', 'ForSpeechSeq2Seq', 'ForVision2Seq']."
"Write Python code for addition, subtraction, division, multiplication, and other similar operations, all a part of one class",sentence-transformers/paraphrase-multilingual-MiniLM-L12-v2,0.25,4.0,0.95,False,"The current model class (BertModel) is not compatible with `.generate()`, as it doesn't have a language model head. Classes that support generation often end in one of these names: ['ForCausalLM', 'ForConditionalGeneration', 'ForSpeechSeq2Seq', 'ForVision2Seq']."
"Write Python code for addition, subtraction, division, multiplication, and other similar operations, all a part of one class",sentence-transformers/paraphrase-multilingual-MiniLM-L12-v2,0.5,1.0,0.75,False,"The current model class (BertModel) is not compatible with `.generate()`, as it doesn't have a language model head. Classes that support generation often end in one of these names: ['ForCausalLM', 'ForConditionalGeneration', 'ForSpeechSeq2Seq', 'ForVision2Seq']."
"Write Python code for addition, subtraction, division, multiplication, and other similar operations, all a part of one class",sentence-transformers/paraphrase-multilingual-MiniLM-L12-v2,0.5,1.0,0.85,False,"The current model class (BertModel) is not compatible with `.generate()`, as it doesn't have a language model head. Classes that support generation often end in one of these names: ['ForCausalLM', 'ForConditionalGeneration', 'ForSpeechSeq2Seq', 'ForVision2Seq']."
"Write Python code for addition, subtraction, division, multiplication, and other similar operations, all a part of one class",sentence-transformers/paraphrase-multilingual-MiniLM-L12-v2,0.5,1.0,0.95,False,"The current model class (BertModel) is not compatible with `.generate()`, as it doesn't have a language model head. Classes that support generation often end in one of these names: ['ForCausalLM', 'ForConditionalGeneration', 'ForSpeechSeq2Seq', 'ForVision2Seq']."
"Write Python code for addition, subtraction, division, multiplication, and other similar operations, all a part of one class",sentence-transformers/paraphrase-multilingual-MiniLM-L12-v2,0.5,2.0,0.75,False,"The current model class (BertModel) is not compatible with `.generate()`, as it doesn't have a language model head. Classes that support generation often end in one of these names: ['ForCausalLM', 'ForConditionalGeneration', 'ForSpeechSeq2Seq', 'ForVision2Seq']."
"Write Python code for addition, subtraction, division, multiplication, and other similar operations, all a part of one class",sentence-transformers/paraphrase-multilingual-MiniLM-L12-v2,0.5,2.0,0.85,False,"The current model class (BertModel) is not compatible with `.generate()`, as it doesn't have a language model head. Classes that support generation often end in one of these names: ['ForCausalLM', 'ForConditionalGeneration', 'ForSpeechSeq2Seq', 'ForVision2Seq']."
"Write Python code for addition, subtraction, division, multiplication, and other similar operations, all a part of one class",sentence-transformers/paraphrase-multilingual-MiniLM-L12-v2,0.5,2.0,0.95,False,"The current model class (BertModel) is not compatible with `.generate()`, as it doesn't have a language model head. Classes that support generation often end in one of these names: ['ForCausalLM', 'ForConditionalGeneration', 'ForSpeechSeq2Seq', 'ForVision2Seq']."
"Write Python code for addition, subtraction, division, multiplication, and other similar operations, all a part of one class",sentence-transformers/paraphrase-multilingual-MiniLM-L12-v2,0.5,3.0,0.75,False,"The current model class (BertModel) is not compatible with `.generate()`, as it doesn't have a language model head. Classes that support generation often end in one of these names: ['ForCausalLM', 'ForConditionalGeneration', 'ForSpeechSeq2Seq', 'ForVision2Seq']."
"Write Python code for addition, subtraction, division, multiplication, and other similar operations, all a part of one class",sentence-transformers/paraphrase-multilingual-MiniLM-L12-v2,0.5,3.0,0.85,False,"The current model class (BertModel) is not compatible with `.generate()`, as it doesn't have a language model head. Classes that support generation often end in one of these names: ['ForCausalLM', 'ForConditionalGeneration', 'ForSpeechSeq2Seq', 'ForVision2Seq']."
"Write Python code for addition, subtraction, division, multiplication, and other similar operations, all a part of one class",sentence-transformers/paraphrase-multilingual-MiniLM-L12-v2,0.5,3.0,0.95,False,"The current model class (BertModel) is not compatible with `.generate()`, as it doesn't have a language model head. Classes that support generation often end in one of these names: ['ForCausalLM', 'ForConditionalGeneration', 'ForSpeechSeq2Seq', 'ForVision2Seq']."
"Write Python code for addition, subtraction, division, multiplication, and other similar operations, all a part of one class",sentence-transformers/paraphrase-multilingual-MiniLM-L12-v2,0.5,4.0,0.75,False,"The current model class (BertModel) is not compatible with `.generate()`, as it doesn't have a language model head. Classes that support generation often end in one of these names: ['ForCausalLM', 'ForConditionalGeneration', 'ForSpeechSeq2Seq', 'ForVision2Seq']."
"Write Python code for addition, subtraction, division, multiplication, and other similar operations, all a part of one class",sentence-transformers/paraphrase-multilingual-MiniLM-L12-v2,0.5,4.0,0.85,False,"The current model class (BertModel) is not compatible with `.generate()`, as it doesn't have a language model head. Classes that support generation often end in one of these names: ['ForCausalLM', 'ForConditionalGeneration', 'ForSpeechSeq2Seq', 'ForVision2Seq']."
"Write Python code for addition, subtraction, division, multiplication, and other similar operations, all a part of one class",sentence-transformers/paraphrase-multilingual-MiniLM-L12-v2,0.5,4.0,0.95,False,"The current model class (BertModel) is not compatible with `.generate()`, as it doesn't have a language model head. Classes that support generation often end in one of these names: ['ForCausalLM', 'ForConditionalGeneration', 'ForSpeechSeq2Seq', 'ForVision2Seq']."
"Write Python code for addition, subtraction, division, multiplication, and other similar operations, all a part of one class",sentence-transformers/paraphrase-multilingual-MiniLM-L12-v2,0.75,1.0,0.75,False,"The current model class (BertModel) is not compatible with `.generate()`, as it doesn't have a language model head. Classes that support generation often end in one of these names: ['ForCausalLM', 'ForConditionalGeneration', 'ForSpeechSeq2Seq', 'ForVision2Seq']."
"Write Python code for addition, subtraction, division, multiplication, and other similar operations, all a part of one class",sentence-transformers/paraphrase-multilingual-MiniLM-L12-v2,0.75,1.0,0.85,False,"The current model class (BertModel) is not compatible with `.generate()`, as it doesn't have a language model head. Classes that support generation often end in one of these names: ['ForCausalLM', 'ForConditionalGeneration', 'ForSpeechSeq2Seq', 'ForVision2Seq']."
"Write Python code for addition, subtraction, division, multiplication, and other similar operations, all a part of one class",sentence-transformers/paraphrase-multilingual-MiniLM-L12-v2,0.75,1.0,0.95,False,"The current model class (BertModel) is not compatible with `.generate()`, as it doesn't have a language model head. Classes that support generation often end in one of these names: ['ForCausalLM', 'ForConditionalGeneration', 'ForSpeechSeq2Seq', 'ForVision2Seq']."
"Write Python code for addition, subtraction, division, multiplication, and other similar operations, all a part of one class",sentence-transformers/paraphrase-multilingual-MiniLM-L12-v2,0.75,2.0,0.75,False,"The current model class (BertModel) is not compatible with `.generate()`, as it doesn't have a language model head. Classes that support generation often end in one of these names: ['ForCausalLM', 'ForConditionalGeneration', 'ForSpeechSeq2Seq', 'ForVision2Seq']."
"Write Python code for addition, subtraction, division, multiplication, and other similar operations, all a part of one class",sentence-transformers/paraphrase-multilingual-MiniLM-L12-v2,0.75,2.0,0.85,False,"The current model class (BertModel) is not compatible with `.generate()`, as it doesn't have a language model head. Classes that support generation often end in one of these names: ['ForCausalLM', 'ForConditionalGeneration', 'ForSpeechSeq2Seq', 'ForVision2Seq']."
"Write Python code for addition, subtraction, division, multiplication, and other similar operations, all a part of one class",sentence-transformers/paraphrase-multilingual-MiniLM-L12-v2,0.75,2.0,0.95,False,"The current model class (BertModel) is not compatible with `.generate()`, as it doesn't have a language model head. Classes that support generation often end in one of these names: ['ForCausalLM', 'ForConditionalGeneration', 'ForSpeechSeq2Seq', 'ForVision2Seq']."
"Write Python code for addition, subtraction, division, multiplication, and other similar operations, all a part of one class",sentence-transformers/paraphrase-multilingual-MiniLM-L12-v2,0.75,3.0,0.75,False,"The current model class (BertModel) is not compatible with `.generate()`, as it doesn't have a language model head. Classes that support generation often end in one of these names: ['ForCausalLM', 'ForConditionalGeneration', 'ForSpeechSeq2Seq', 'ForVision2Seq']."
"Write Python code for addition, subtraction, division, multiplication, and other similar operations, all a part of one class",sentence-transformers/paraphrase-multilingual-MiniLM-L12-v2,0.75,3.0,0.85,False,"The current model class (BertModel) is not compatible with `.generate()`, as it doesn't have a language model head. Classes that support generation often end in one of these names: ['ForCausalLM', 'ForConditionalGeneration', 'ForSpeechSeq2Seq', 'ForVision2Seq']."
"Write Python code for addition, subtraction, division, multiplication, and other similar operations, all a part of one class",sentence-transformers/paraphrase-multilingual-MiniLM-L12-v2,0.75,3.0,0.95,False,"The current model class (BertModel) is not compatible with `.generate()`, as it doesn't have a language model head. Classes that support generation often end in one of these names: ['ForCausalLM', 'ForConditionalGeneration', 'ForSpeechSeq2Seq', 'ForVision2Seq']."
"Write Python code for addition, subtraction, division, multiplication, and other similar operations, all a part of one class",sentence-transformers/paraphrase-multilingual-MiniLM-L12-v2,0.75,4.0,0.75,False,"The current model class (BertModel) is not compatible with `.generate()`, as it doesn't have a language model head. Classes that support generation often end in one of these names: ['ForCausalLM', 'ForConditionalGeneration', 'ForSpeechSeq2Seq', 'ForVision2Seq']."
"Write Python code for addition, subtraction, division, multiplication, and other similar operations, all a part of one class",sentence-transformers/paraphrase-multilingual-MiniLM-L12-v2,0.75,4.0,0.85,False,"The current model class (BertModel) is not compatible with `.generate()`, as it doesn't have a language model head. Classes that support generation often end in one of these names: ['ForCausalLM', 'ForConditionalGeneration', 'ForSpeechSeq2Seq', 'ForVision2Seq']."
"Write Python code for addition, subtraction, division, multiplication, and other similar operations, all a part of one class",sentence-transformers/paraphrase-multilingual-MiniLM-L12-v2,0.75,4.0,0.95,False,"The current model class (BertModel) is not compatible with `.generate()`, as it doesn't have a language model head. Classes that support generation often end in one of these names: ['ForCausalLM', 'ForConditionalGeneration', 'ForSpeechSeq2Seq', 'ForVision2Seq']."
"Write Python code for addition, subtraction, division, multiplication, and other similar operations, all a part of one class",sentence-transformers/paraphrase-multilingual-MiniLM-L12-v2,1.0,1.0,0.75,False,"The current model class (BertModel) is not compatible with `.generate()`, as it doesn't have a language model head. Classes that support generation often end in one of these names: ['ForCausalLM', 'ForConditionalGeneration', 'ForSpeechSeq2Seq', 'ForVision2Seq']."
"Write Python code for addition, subtraction, division, multiplication, and other similar operations, all a part of one class",sentence-transformers/paraphrase-multilingual-MiniLM-L12-v2,1.0,1.0,0.85,False,"The current model class (BertModel) is not compatible with `.generate()`, as it doesn't have a language model head. Classes that support generation often end in one of these names: ['ForCausalLM', 'ForConditionalGeneration', 'ForSpeechSeq2Seq', 'ForVision2Seq']."
"Write Python code for addition, subtraction, division, multiplication, and other similar operations, all a part of one class",sentence-transformers/paraphrase-multilingual-MiniLM-L12-v2,1.0,1.0,0.95,False,"The current model class (BertModel) is not compatible with `.generate()`, as it doesn't have a language model head. Classes that support generation often end in one of these names: ['ForCausalLM', 'ForConditionalGeneration', 'ForSpeechSeq2Seq', 'ForVision2Seq']."
"Write Python code for addition, subtraction, division, multiplication, and other similar operations, all a part of one class",sentence-transformers/paraphrase-multilingual-MiniLM-L12-v2,1.0,2.0,0.75,False,"The current model class (BertModel) is not compatible with `.generate()`, as it doesn't have a language model head. Classes that support generation often end in one of these names: ['ForCausalLM', 'ForConditionalGeneration', 'ForSpeechSeq2Seq', 'ForVision2Seq']."
"Write Python code for addition, subtraction, division, multiplication, and other similar operations, all a part of one class",sentence-transformers/paraphrase-multilingual-MiniLM-L12-v2,1.0,2.0,0.85,False,"The current model class (BertModel) is not compatible with `.generate()`, as it doesn't have a language model head. Classes that support generation often end in one of these names: ['ForCausalLM', 'ForConditionalGeneration', 'ForSpeechSeq2Seq', 'ForVision2Seq']."
"Write Python code for addition, subtraction, division, multiplication, and other similar operations, all a part of one class",sentence-transformers/paraphrase-multilingual-MiniLM-L12-v2,1.0,2.0,0.95,False,"The current model class (BertModel) is not compatible with `.generate()`, as it doesn't have a language model head. Classes that support generation often end in one of these names: ['ForCausalLM', 'ForConditionalGeneration', 'ForSpeechSeq2Seq', 'ForVision2Seq']."
"Write Python code for addition, subtraction, division, multiplication, and other similar operations, all a part of one class",sentence-transformers/paraphrase-multilingual-MiniLM-L12-v2,1.0,3.0,0.75,False,"The current model class (BertModel) is not compatible with `.generate()`, as it doesn't have a language model head. Classes that support generation often end in one of these names: ['ForCausalLM', 'ForConditionalGeneration', 'ForSpeechSeq2Seq', 'ForVision2Seq']."
"Write Python code for addition, subtraction, division, multiplication, and other similar operations, all a part of one class",sentence-transformers/paraphrase-multilingual-MiniLM-L12-v2,1.0,3.0,0.85,False,"The current model class (BertModel) is not compatible with `.generate()`, as it doesn't have a language model head. Classes that support generation often end in one of these names: ['ForCausalLM', 'ForConditionalGeneration', 'ForSpeechSeq2Seq', 'ForVision2Seq']."
"Write Python code for addition, subtraction, division, multiplication, and other similar operations, all a part of one class",sentence-transformers/paraphrase-multilingual-MiniLM-L12-v2,1.0,3.0,0.95,False,"The current model class (BertModel) is not compatible with `.generate()`, as it doesn't have a language model head. Classes that support generation often end in one of these names: ['ForCausalLM', 'ForConditionalGeneration', 'ForSpeechSeq2Seq', 'ForVision2Seq']."
"Write Python code for addition, subtraction, division, multiplication, and other similar operations, all a part of one class",sentence-transformers/paraphrase-multilingual-MiniLM-L12-v2,1.0,4.0,0.75,False,"The current model class (BertModel) is not compatible with `.generate()`, as it doesn't have a language model head. Classes that support generation often end in one of these names: ['ForCausalLM', 'ForConditionalGeneration', 'ForSpeechSeq2Seq', 'ForVision2Seq']."
"Write Python code for addition, subtraction, division, multiplication, and other similar operations, all a part of one class",sentence-transformers/paraphrase-multilingual-MiniLM-L12-v2,1.0,4.0,0.85,False,"The current model class (BertModel) is not compatible with `.generate()`, as it doesn't have a language model head. Classes that support generation often end in one of these names: ['ForCausalLM', 'ForConditionalGeneration', 'ForSpeechSeq2Seq', 'ForVision2Seq']."
"Write Python code for addition, subtraction, division, multiplication, and other similar operations, all a part of one class",sentence-transformers/paraphrase-multilingual-MiniLM-L12-v2,1.0,4.0,0.95,False,"The current model class (BertModel) is not compatible with `.generate()`, as it doesn't have a language model head. Classes that support generation often end in one of these names: ['ForCausalLM', 'ForConditionalGeneration', 'ForSpeechSeq2Seq', 'ForVision2Seq']."
"Given the business logic code below, implement Flask backend. Do not include example of usage or the business logic, do not repeat any code from this prompt. Only write the Flask API code.",sentence-transformers/paraphrase-multilingual-MiniLM-L12-v2,0.25,1.0,0.75,False,"The current model class (BertModel) is not compatible with `.generate()`, as it doesn't have a language model head. Classes that support generation often end in one of these names: ['ForCausalLM', 'ForConditionalGeneration', 'ForSpeechSeq2Seq', 'ForVision2Seq']."
"Given the business logic code below, implement Flask backend. Do not include example of usage or the business logic, do not repeat any code from this prompt. Only write the Flask API code.",sentence-transformers/paraphrase-multilingual-MiniLM-L12-v2,0.25,1.0,0.85,False,"The current model class (BertModel) is not compatible with `.generate()`, as it doesn't have a language model head. Classes that support generation often end in one of these names: ['ForCausalLM', 'ForConditionalGeneration', 'ForSpeechSeq2Seq', 'ForVision2Seq']."
"Given the business logic code below, implement Flask backend. Do not include example of usage or the business logic, do not repeat any code from this prompt. Only write the Flask API code.",sentence-transformers/paraphrase-multilingual-MiniLM-L12-v2,0.25,1.0,0.95,False,"The current model class (BertModel) is not compatible with `.generate()`, as it doesn't have a language model head. Classes that support generation often end in one of these names: ['ForCausalLM', 'ForConditionalGeneration', 'ForSpeechSeq2Seq', 'ForVision2Seq']."
"Given the business logic code below, implement Flask backend. Do not include example of usage or the business logic, do not repeat any code from this prompt. Only write the Flask API code.",sentence-transformers/paraphrase-multilingual-MiniLM-L12-v2,0.25,2.0,0.75,False,"The current model class (BertModel) is not compatible with `.generate()`, as it doesn't have a language model head. Classes that support generation often end in one of these names: ['ForCausalLM', 'ForConditionalGeneration', 'ForSpeechSeq2Seq', 'ForVision2Seq']."
"Given the business logic code below, implement Flask backend. Do not include example of usage or the business logic, do not repeat any code from this prompt. Only write the Flask API code.",sentence-transformers/paraphrase-multilingual-MiniLM-L12-v2,0.25,2.0,0.85,False,"The current model class (BertModel) is not compatible with `.generate()`, as it doesn't have a language model head. Classes that support generation often end in one of these names: ['ForCausalLM', 'ForConditionalGeneration', 'ForSpeechSeq2Seq', 'ForVision2Seq']."
"Given the business logic code below, implement Flask backend. Do not include example of usage or the business logic, do not repeat any code from this prompt. Only write the Flask API code.",sentence-transformers/paraphrase-multilingual-MiniLM-L12-v2,0.25,2.0,0.95,False,"The current model class (BertModel) is not compatible with `.generate()`, as it doesn't have a language model head. Classes that support generation often end in one of these names: ['ForCausalLM', 'ForConditionalGeneration', 'ForSpeechSeq2Seq', 'ForVision2Seq']."
"Given the business logic code below, implement Flask backend. Do not include example of usage or the business logic, do not repeat any code from this prompt. Only write the Flask API code.",sentence-transformers/paraphrase-multilingual-MiniLM-L12-v2,0.25,3.0,0.75,False,"The current model class (BertModel) is not compatible with `.generate()`, as it doesn't have a language model head. Classes that support generation often end in one of these names: ['ForCausalLM', 'ForConditionalGeneration', 'ForSpeechSeq2Seq', 'ForVision2Seq']."
"Given the business logic code below, implement Flask backend. Do not include example of usage or the business logic, do not repeat any code from this prompt. Only write the Flask API code.",sentence-transformers/paraphrase-multilingual-MiniLM-L12-v2,0.25,3.0,0.85,False,"The current model class (BertModel) is not compatible with `.generate()`, as it doesn't have a language model head. Classes that support generation often end in one of these names: ['ForCausalLM', 'ForConditionalGeneration', 'ForSpeechSeq2Seq', 'ForVision2Seq']."
"Given the business logic code below, implement Flask backend. Do not include example of usage or the business logic, do not repeat any code from this prompt. Only write the Flask API code.",sentence-transformers/paraphrase-multilingual-MiniLM-L12-v2,0.25,3.0,0.95,False,"The current model class (BertModel) is not compatible with `.generate()`, as it doesn't have a language model head. Classes that support generation often end in one of these names: ['ForCausalLM', 'ForConditionalGeneration', 'ForSpeechSeq2Seq', 'ForVision2Seq']."
"Given the business logic code below, implement Flask backend. Do not include example of usage or the business logic, do not repeat any code from this prompt. Only write the Flask API code.",sentence-transformers/paraphrase-multilingual-MiniLM-L12-v2,0.25,4.0,0.75,False,"The current model class (BertModel) is not compatible with `.generate()`, as it doesn't have a language model head. Classes that support generation often end in one of these names: ['ForCausalLM', 'ForConditionalGeneration', 'ForSpeechSeq2Seq', 'ForVision2Seq']."
"Given the business logic code below, implement Flask backend. Do not include example of usage or the business logic, do not repeat any code from this prompt. Only write the Flask API code.",sentence-transformers/paraphrase-multilingual-MiniLM-L12-v2,0.25,4.0,0.85,False,"The current model class (BertModel) is not compatible with `.generate()`, as it doesn't have a language model head. Classes that support generation often end in one of these names: ['ForCausalLM', 'ForConditionalGeneration', 'ForSpeechSeq2Seq', 'ForVision2Seq']."
"Given the business logic code below, implement Flask backend. Do not include example of usage or the business logic, do not repeat any code from this prompt. Only write the Flask API code.",sentence-transformers/paraphrase-multilingual-MiniLM-L12-v2,0.25,4.0,0.95,False,"The current model class (BertModel) is not compatible with `.generate()`, as it doesn't have a language model head. Classes that support generation often end in one of these names: ['ForCausalLM', 'ForConditionalGeneration', 'ForSpeechSeq2Seq', 'ForVision2Seq']."
"Given the business logic code below, implement Flask backend. Do not include example of usage or the business logic, do not repeat any code from this prompt. Only write the Flask API code.",sentence-transformers/paraphrase-multilingual-MiniLM-L12-v2,0.5,1.0,0.75,False,"The current model class (BertModel) is not compatible with `.generate()`, as it doesn't have a language model head. Classes that support generation often end in one of these names: ['ForCausalLM', 'ForConditionalGeneration', 'ForSpeechSeq2Seq', 'ForVision2Seq']."
"Given the business logic code below, implement Flask backend. Do not include example of usage or the business logic, do not repeat any code from this prompt. Only write the Flask API code.",sentence-transformers/paraphrase-multilingual-MiniLM-L12-v2,0.5,1.0,0.85,False,"The current model class (BertModel) is not compatible with `.generate()`, as it doesn't have a language model head. Classes that support generation often end in one of these names: ['ForCausalLM', 'ForConditionalGeneration', 'ForSpeechSeq2Seq', 'ForVision2Seq']."
"Given the business logic code below, implement Flask backend. Do not include example of usage or the business logic, do not repeat any code from this prompt. Only write the Flask API code.",sentence-transformers/paraphrase-multilingual-MiniLM-L12-v2,0.5,1.0,0.95,False,"The current model class (BertModel) is not compatible with `.generate()`, as it doesn't have a language model head. Classes that support generation often end in one of these names: ['ForCausalLM', 'ForConditionalGeneration', 'ForSpeechSeq2Seq', 'ForVision2Seq']."
"Given the business logic code below, implement Flask backend. Do not include example of usage or the business logic, do not repeat any code from this prompt. Only write the Flask API code.",sentence-transformers/paraphrase-multilingual-MiniLM-L12-v2,0.5,2.0,0.75,False,"The current model class (BertModel) is not compatible with `.generate()`, as it doesn't have a language model head. Classes that support generation often end in one of these names: ['ForCausalLM', 'ForConditionalGeneration', 'ForSpeechSeq2Seq', 'ForVision2Seq']."
"Given the business logic code below, implement Flask backend. Do not include example of usage or the business logic, do not repeat any code from this prompt. Only write the Flask API code.",sentence-transformers/paraphrase-multilingual-MiniLM-L12-v2,0.5,2.0,0.85,False,"The current model class (BertModel) is not compatible with `.generate()`, as it doesn't have a language model head. Classes that support generation often end in one of these names: ['ForCausalLM', 'ForConditionalGeneration', 'ForSpeechSeq2Seq', 'ForVision2Seq']."
"Given the business logic code below, implement Flask backend. Do not include example of usage or the business logic, do not repeat any code from this prompt. Only write the Flask API code.",sentence-transformers/paraphrase-multilingual-MiniLM-L12-v2,0.5,2.0,0.95,False,"The current model class (BertModel) is not compatible with `.generate()`, as it doesn't have a language model head. Classes that support generation often end in one of these names: ['ForCausalLM', 'ForConditionalGeneration', 'ForSpeechSeq2Seq', 'ForVision2Seq']."
"Given the business logic code below, implement Flask backend. Do not include example of usage or the business logic, do not repeat any code from this prompt. Only write the Flask API code.",sentence-transformers/paraphrase-multilingual-MiniLM-L12-v2,0.5,3.0,0.75,False,"The current model class (BertModel) is not compatible with `.generate()`, as it doesn't have a language model head. Classes that support generation often end in one of these names: ['ForCausalLM', 'ForConditionalGeneration', 'ForSpeechSeq2Seq', 'ForVision2Seq']."
"Given the business logic code below, implement Flask backend. Do not include example of usage or the business logic, do not repeat any code from this prompt. Only write the Flask API code.",sentence-transformers/paraphrase-multilingual-MiniLM-L12-v2,0.5,3.0,0.85,False,"The current model class (BertModel) is not compatible with `.generate()`, as it doesn't have a language model head. Classes that support generation often end in one of these names: ['ForCausalLM', 'ForConditionalGeneration', 'ForSpeechSeq2Seq', 'ForVision2Seq']."
"Given the business logic code below, implement Flask backend. Do not include example of usage or the business logic, do not repeat any code from this prompt. Only write the Flask API code.",sentence-transformers/paraphrase-multilingual-MiniLM-L12-v2,0.5,3.0,0.95,False,"The current model class (BertModel) is not compatible with `.generate()`, as it doesn't have a language model head. Classes that support generation often end in one of these names: ['ForCausalLM', 'ForConditionalGeneration', 'ForSpeechSeq2Seq', 'ForVision2Seq']."
"Given the business logic code below, implement Flask backend. Do not include example of usage or the business logic, do not repeat any code from this prompt. Only write the Flask API code.",sentence-transformers/paraphrase-multilingual-MiniLM-L12-v2,0.5,4.0,0.75,False,"The current model class (BertModel) is not compatible with `.generate()`, as it doesn't have a language model head. Classes that support generation often end in one of these names: ['ForCausalLM', 'ForConditionalGeneration', 'ForSpeechSeq2Seq', 'ForVision2Seq']."
"Given the business logic code below, implement Flask backend. Do not include example of usage or the business logic, do not repeat any code from this prompt. Only write the Flask API code.",sentence-transformers/paraphrase-multilingual-MiniLM-L12-v2,0.5,4.0,0.85,False,"The current model class (BertModel) is not compatible with `.generate()`, as it doesn't have a language model head. Classes that support generation often end in one of these names: ['ForCausalLM', 'ForConditionalGeneration', 'ForSpeechSeq2Seq', 'ForVision2Seq']."
"Given the business logic code below, implement Flask backend. Do not include example of usage or the business logic, do not repeat any code from this prompt. Only write the Flask API code.",sentence-transformers/paraphrase-multilingual-MiniLM-L12-v2,0.5,4.0,0.95,False,"The current model class (BertModel) is not compatible with `.generate()`, as it doesn't have a language model head. Classes that support generation often end in one of these names: ['ForCausalLM', 'ForConditionalGeneration', 'ForSpeechSeq2Seq', 'ForVision2Seq']."
"Given the business logic code below, implement Flask backend. Do not include example of usage or the business logic, do not repeat any code from this prompt. Only write the Flask API code.",sentence-transformers/paraphrase-multilingual-MiniLM-L12-v2,0.75,1.0,0.75,False,"The current model class (BertModel) is not compatible with `.generate()`, as it doesn't have a language model head. Classes that support generation often end in one of these names: ['ForCausalLM', 'ForConditionalGeneration', 'ForSpeechSeq2Seq', 'ForVision2Seq']."
"Given the business logic code below, implement Flask backend. Do not include example of usage or the business logic, do not repeat any code from this prompt. Only write the Flask API code.",sentence-transformers/paraphrase-multilingual-MiniLM-L12-v2,0.75,1.0,0.85,False,"The current model class (BertModel) is not compatible with `.generate()`, as it doesn't have a language model head. Classes that support generation often end in one of these names: ['ForCausalLM', 'ForConditionalGeneration', 'ForSpeechSeq2Seq', 'ForVision2Seq']."
"Given the business logic code below, implement Flask backend. Do not include example of usage or the business logic, do not repeat any code from this prompt. Only write the Flask API code.",sentence-transformers/paraphrase-multilingual-MiniLM-L12-v2,0.75,1.0,0.95,False,"The current model class (BertModel) is not compatible with `.generate()`, as it doesn't have a language model head. Classes that support generation often end in one of these names: ['ForCausalLM', 'ForConditionalGeneration', 'ForSpeechSeq2Seq', 'ForVision2Seq']."
"Given the business logic code below, implement Flask backend. Do not include example of usage or the business logic, do not repeat any code from this prompt. Only write the Flask API code.",sentence-transformers/paraphrase-multilingual-MiniLM-L12-v2,0.75,2.0,0.75,False,"The current model class (BertModel) is not compatible with `.generate()`, as it doesn't have a language model head. Classes that support generation often end in one of these names: ['ForCausalLM', 'ForConditionalGeneration', 'ForSpeechSeq2Seq', 'ForVision2Seq']."
"Given the business logic code below, implement Flask backend. Do not include example of usage or the business logic, do not repeat any code from this prompt. Only write the Flask API code.",sentence-transformers/paraphrase-multilingual-MiniLM-L12-v2,0.75,2.0,0.85,False,"The current model class (BertModel) is not compatible with `.generate()`, as it doesn't have a language model head. Classes that support generation often end in one of these names: ['ForCausalLM', 'ForConditionalGeneration', 'ForSpeechSeq2Seq', 'ForVision2Seq']."
"Given the business logic code below, implement Flask backend. Do not include example of usage or the business logic, do not repeat any code from this prompt. Only write the Flask API code.",sentence-transformers/paraphrase-multilingual-MiniLM-L12-v2,0.75,2.0,0.95,False,"The current model class (BertModel) is not compatible with `.generate()`, as it doesn't have a language model head. Classes that support generation often end in one of these names: ['ForCausalLM', 'ForConditionalGeneration', 'ForSpeechSeq2Seq', 'ForVision2Seq']."
"Given the business logic code below, implement Flask backend. Do not include example of usage or the business logic, do not repeat any code from this prompt. Only write the Flask API code.",sentence-transformers/paraphrase-multilingual-MiniLM-L12-v2,0.75,3.0,0.75,False,"The current model class (BertModel) is not compatible with `.generate()`, as it doesn't have a language model head. Classes that support generation often end in one of these names: ['ForCausalLM', 'ForConditionalGeneration', 'ForSpeechSeq2Seq', 'ForVision2Seq']."
"Given the business logic code below, implement Flask backend. Do not include example of usage or the business logic, do not repeat any code from this prompt. Only write the Flask API code.",sentence-transformers/paraphrase-multilingual-MiniLM-L12-v2,0.75,3.0,0.85,False,"The current model class (BertModel) is not compatible with `.generate()`, as it doesn't have a language model head. Classes that support generation often end in one of these names: ['ForCausalLM', 'ForConditionalGeneration', 'ForSpeechSeq2Seq', 'ForVision2Seq']."
"Given the business logic code below, implement Flask backend. Do not include example of usage or the business logic, do not repeat any code from this prompt. Only write the Flask API code.",sentence-transformers/paraphrase-multilingual-MiniLM-L12-v2,0.75,3.0,0.95,False,"The current model class (BertModel) is not compatible with `.generate()`, as it doesn't have a language model head. Classes that support generation often end in one of these names: ['ForCausalLM', 'ForConditionalGeneration', 'ForSpeechSeq2Seq', 'ForVision2Seq']."
"Given the business logic code below, implement Flask backend. Do not include example of usage or the business logic, do not repeat any code from this prompt. Only write the Flask API code.",sentence-transformers/paraphrase-multilingual-MiniLM-L12-v2,0.75,4.0,0.75,False,"The current model class (BertModel) is not compatible with `.generate()`, as it doesn't have a language model head. Classes that support generation often end in one of these names: ['ForCausalLM', 'ForConditionalGeneration', 'ForSpeechSeq2Seq', 'ForVision2Seq']."
"Given the business logic code below, implement Flask backend. Do not include example of usage or the business logic, do not repeat any code from this prompt. Only write the Flask API code.",sentence-transformers/paraphrase-multilingual-MiniLM-L12-v2,0.75,4.0,0.85,False,"The current model class (BertModel) is not compatible with `.generate()`, as it doesn't have a language model head. Classes that support generation often end in one of these names: ['ForCausalLM', 'ForConditionalGeneration', 'ForSpeechSeq2Seq', 'ForVision2Seq']."
"Given the business logic code below, implement Flask backend. Do not include example of usage or the business logic, do not repeat any code from this prompt. Only write the Flask API code.",sentence-transformers/paraphrase-multilingual-MiniLM-L12-v2,0.75,4.0,0.95,False,"The current model class (BertModel) is not compatible with `.generate()`, as it doesn't have a language model head. Classes that support generation often end in one of these names: ['ForCausalLM', 'ForConditionalGeneration', 'ForSpeechSeq2Seq', 'ForVision2Seq']."
"Given the business logic code below, implement Flask backend. Do not include example of usage or the business logic, do not repeat any code from this prompt. Only write the Flask API code.",sentence-transformers/paraphrase-multilingual-MiniLM-L12-v2,1.0,1.0,0.75,False,"The current model class (BertModel) is not compatible with `.generate()`, as it doesn't have a language model head. Classes that support generation often end in one of these names: ['ForCausalLM', 'ForConditionalGeneration', 'ForSpeechSeq2Seq', 'ForVision2Seq']."
"Given the business logic code below, implement Flask backend. Do not include example of usage or the business logic, do not repeat any code from this prompt. Only write the Flask API code.",sentence-transformers/paraphrase-multilingual-MiniLM-L12-v2,1.0,1.0,0.85,False,"The current model class (BertModel) is not compatible with `.generate()`, as it doesn't have a language model head. Classes that support generation often end in one of these names: ['ForCausalLM', 'ForConditionalGeneration', 'ForSpeechSeq2Seq', 'ForVision2Seq']."
"Given the business logic code below, implement Flask backend. Do not include example of usage or the business logic, do not repeat any code from this prompt. Only write the Flask API code.",sentence-transformers/paraphrase-multilingual-MiniLM-L12-v2,1.0,1.0,0.95,False,"The current model class (BertModel) is not compatible with `.generate()`, as it doesn't have a language model head. Classes that support generation often end in one of these names: ['ForCausalLM', 'ForConditionalGeneration', 'ForSpeechSeq2Seq', 'ForVision2Seq']."
"Given the business logic code below, implement Flask backend. Do not include example of usage or the business logic, do not repeat any code from this prompt. Only write the Flask API code.",sentence-transformers/paraphrase-multilingual-MiniLM-L12-v2,1.0,2.0,0.75,False,"The current model class (BertModel) is not compatible with `.generate()`, as it doesn't have a language model head. Classes that support generation often end in one of these names: ['ForCausalLM', 'ForConditionalGeneration', 'ForSpeechSeq2Seq', 'ForVision2Seq']."
"Given the business logic code below, implement Flask backend. Do not include example of usage or the business logic, do not repeat any code from this prompt. Only write the Flask API code.",sentence-transformers/paraphrase-multilingual-MiniLM-L12-v2,1.0,2.0,0.85,False,"The current model class (BertModel) is not compatible with `.generate()`, as it doesn't have a language model head. Classes that support generation often end in one of these names: ['ForCausalLM', 'ForConditionalGeneration', 'ForSpeechSeq2Seq', 'ForVision2Seq']."
"Given the business logic code below, implement Flask backend. Do not include example of usage or the business logic, do not repeat any code from this prompt. Only write the Flask API code.",sentence-transformers/paraphrase-multilingual-MiniLM-L12-v2,1.0,2.0,0.95,False,"The current model class (BertModel) is not compatible with `.generate()`, as it doesn't have a language model head. Classes that support generation often end in one of these names: ['ForCausalLM', 'ForConditionalGeneration', 'ForSpeechSeq2Seq', 'ForVision2Seq']."
"Given the business logic code below, implement Flask backend. Do not include example of usage or the business logic, do not repeat any code from this prompt. Only write the Flask API code.",sentence-transformers/paraphrase-multilingual-MiniLM-L12-v2,1.0,3.0,0.75,False,"The current model class (BertModel) is not compatible with `.generate()`, as it doesn't have a language model head. Classes that support generation often end in one of these names: ['ForCausalLM', 'ForConditionalGeneration', 'ForSpeechSeq2Seq', 'ForVision2Seq']."
"Given the business logic code below, implement Flask backend. Do not include example of usage or the business logic, do not repeat any code from this prompt. Only write the Flask API code.",sentence-transformers/paraphrase-multilingual-MiniLM-L12-v2,1.0,3.0,0.85,False,"The current model class (BertModel) is not compatible with `.generate()`, as it doesn't have a language model head. Classes that support generation often end in one of these names: ['ForCausalLM', 'ForConditionalGeneration', 'ForSpeechSeq2Seq', 'ForVision2Seq']."
"Given the business logic code below, implement Flask backend. Do not include example of usage or the business logic, do not repeat any code from this prompt. Only write the Flask API code.",sentence-transformers/paraphrase-multilingual-MiniLM-L12-v2,1.0,3.0,0.95,False,"The current model class (BertModel) is not compatible with `.generate()`, as it doesn't have a language model head. Classes that support generation often end in one of these names: ['ForCausalLM', 'ForConditionalGeneration', 'ForSpeechSeq2Seq', 'ForVision2Seq']."
"Given the business logic code below, implement Flask backend. Do not include example of usage or the business logic, do not repeat any code from this prompt. Only write the Flask API code.",sentence-transformers/paraphrase-multilingual-MiniLM-L12-v2,1.0,4.0,0.75,False,"The current model class (BertModel) is not compatible with `.generate()`, as it doesn't have a language model head. Classes that support generation often end in one of these names: ['ForCausalLM', 'ForConditionalGeneration', 'ForSpeechSeq2Seq', 'ForVision2Seq']."
"Given the business logic code below, implement Flask backend. Do not include example of usage or the business logic, do not repeat any code from this prompt. Only write the Flask API code.",sentence-transformers/paraphrase-multilingual-MiniLM-L12-v2,1.0,4.0,0.85,False,"The current model class (BertModel) is not compatible with `.generate()`, as it doesn't have a language model head. Classes that support generation often end in one of these names: ['ForCausalLM', 'ForConditionalGeneration', 'ForSpeechSeq2Seq', 'ForVision2Seq']."
"Given the business logic code below, implement Flask backend. Do not include example of usage or the business logic, do not repeat any code from this prompt. Only write the Flask API code.",sentence-transformers/paraphrase-multilingual-MiniLM-L12-v2,1.0,4.0,0.95,False,"The current model class (BertModel) is not compatible with `.generate()`, as it doesn't have a language model head. Classes that support generation often end in one of these names: ['ForCausalLM', 'ForConditionalGeneration', 'ForSpeechSeq2Seq', 'ForVision2Seq']."
"Write a Calculator class. It shall contain common operations, such as addition or multiplication, but also more advanced operations, such as logarithm (of variable bases), factorial, trigonometry.",sentence-transformers/paraphrase-multilingual-MiniLM-L12-v2,0.25,1.0,0.75,False,"The current model class (BertModel) is not compatible with `.generate()`, as it doesn't have a language model head. Classes that support generation often end in one of these names: ['ForCausalLM', 'ForConditionalGeneration', 'ForSpeechSeq2Seq', 'ForVision2Seq']."
"Write a Calculator class. It shall contain common operations, such as addition or multiplication, but also more advanced operations, such as logarithm (of variable bases), factorial, trigonometry.",sentence-transformers/paraphrase-multilingual-MiniLM-L12-v2,0.25,1.0,0.85,False,"The current model class (BertModel) is not compatible with `.generate()`, as it doesn't have a language model head. Classes that support generation often end in one of these names: ['ForCausalLM', 'ForConditionalGeneration', 'ForSpeechSeq2Seq', 'ForVision2Seq']."
"Write a Calculator class. It shall contain common operations, such as addition or multiplication, but also more advanced operations, such as logarithm (of variable bases), factorial, trigonometry.",sentence-transformers/paraphrase-multilingual-MiniLM-L12-v2,0.25,1.0,0.95,False,"The current model class (BertModel) is not compatible with `.generate()`, as it doesn't have a language model head. Classes that support generation often end in one of these names: ['ForCausalLM', 'ForConditionalGeneration', 'ForSpeechSeq2Seq', 'ForVision2Seq']."
"Write a Calculator class. It shall contain common operations, such as addition or multiplication, but also more advanced operations, such as logarithm (of variable bases), factorial, trigonometry.",sentence-transformers/paraphrase-multilingual-MiniLM-L12-v2,0.25,2.0,0.75,False,"The current model class (BertModel) is not compatible with `.generate()`, as it doesn't have a language model head. Classes that support generation often end in one of these names: ['ForCausalLM', 'ForConditionalGeneration', 'ForSpeechSeq2Seq', 'ForVision2Seq']."
"Write a Calculator class. It shall contain common operations, such as addition or multiplication, but also more advanced operations, such as logarithm (of variable bases), factorial, trigonometry.",sentence-transformers/paraphrase-multilingual-MiniLM-L12-v2,0.25,2.0,0.85,False,"The current model class (BertModel) is not compatible with `.generate()`, as it doesn't have a language model head. Classes that support generation often end in one of these names: ['ForCausalLM', 'ForConditionalGeneration', 'ForSpeechSeq2Seq', 'ForVision2Seq']."
"Write a Calculator class. It shall contain common operations, such as addition or multiplication, but also more advanced operations, such as logarithm (of variable bases), factorial, trigonometry.",sentence-transformers/paraphrase-multilingual-MiniLM-L12-v2,0.25,2.0,0.95,False,"The current model class (BertModel) is not compatible with `.generate()`, as it doesn't have a language model head. Classes that support generation often end in one of these names: ['ForCausalLM', 'ForConditionalGeneration', 'ForSpeechSeq2Seq', 'ForVision2Seq']."
"Write a Calculator class. It shall contain common operations, such as addition or multiplication, but also more advanced operations, such as logarithm (of variable bases), factorial, trigonometry.",sentence-transformers/paraphrase-multilingual-MiniLM-L12-v2,0.25,3.0,0.75,False,"The current model class (BertModel) is not compatible with `.generate()`, as it doesn't have a language model head. Classes that support generation often end in one of these names: ['ForCausalLM', 'ForConditionalGeneration', 'ForSpeechSeq2Seq', 'ForVision2Seq']."
"Write a Calculator class. It shall contain common operations, such as addition or multiplication, but also more advanced operations, such as logarithm (of variable bases), factorial, trigonometry.",sentence-transformers/paraphrase-multilingual-MiniLM-L12-v2,0.25,3.0,0.85,False,"The current model class (BertModel) is not compatible with `.generate()`, as it doesn't have a language model head. Classes that support generation often end in one of these names: ['ForCausalLM', 'ForConditionalGeneration', 'ForSpeechSeq2Seq', 'ForVision2Seq']."
"Write a Calculator class. It shall contain common operations, such as addition or multiplication, but also more advanced operations, such as logarithm (of variable bases), factorial, trigonometry.",sentence-transformers/paraphrase-multilingual-MiniLM-L12-v2,0.25,3.0,0.95,False,"The current model class (BertModel) is not compatible with `.generate()`, as it doesn't have a language model head. Classes that support generation often end in one of these names: ['ForCausalLM', 'ForConditionalGeneration', 'ForSpeechSeq2Seq', 'ForVision2Seq']."
"Write a Calculator class. It shall contain common operations, such as addition or multiplication, but also more advanced operations, such as logarithm (of variable bases), factorial, trigonometry.",sentence-transformers/paraphrase-multilingual-MiniLM-L12-v2,0.25,4.0,0.75,False,"The current model class (BertModel) is not compatible with `.generate()`, as it doesn't have a language model head. Classes that support generation often end in one of these names: ['ForCausalLM', 'ForConditionalGeneration', 'ForSpeechSeq2Seq', 'ForVision2Seq']."
"Write a Calculator class. It shall contain common operations, such as addition or multiplication, but also more advanced operations, such as logarithm (of variable bases), factorial, trigonometry.",sentence-transformers/paraphrase-multilingual-MiniLM-L12-v2,0.25,4.0,0.85,False,"The current model class (BertModel) is not compatible with `.generate()`, as it doesn't have a language model head. Classes that support generation often end in one of these names: ['ForCausalLM', 'ForConditionalGeneration', 'ForSpeechSeq2Seq', 'ForVision2Seq']."
"Write a Calculator class. It shall contain common operations, such as addition or multiplication, but also more advanced operations, such as logarithm (of variable bases), factorial, trigonometry.",sentence-transformers/paraphrase-multilingual-MiniLM-L12-v2,0.25,4.0,0.95,False,"The current model class (BertModel) is not compatible with `.generate()`, as it doesn't have a language model head. Classes that support generation often end in one of these names: ['ForCausalLM', 'ForConditionalGeneration', 'ForSpeechSeq2Seq', 'ForVision2Seq']."
"Write a Calculator class. It shall contain common operations, such as addition or multiplication, but also more advanced operations, such as logarithm (of variable bases), factorial, trigonometry.",sentence-transformers/paraphrase-multilingual-MiniLM-L12-v2,0.5,1.0,0.75,False,"The current model class (BertModel) is not compatible with `.generate()`, as it doesn't have a language model head. Classes that support generation often end in one of these names: ['ForCausalLM', 'ForConditionalGeneration', 'ForSpeechSeq2Seq', 'ForVision2Seq']."
"Write a Calculator class. It shall contain common operations, such as addition or multiplication, but also more advanced operations, such as logarithm (of variable bases), factorial, trigonometry.",sentence-transformers/paraphrase-multilingual-MiniLM-L12-v2,0.5,1.0,0.85,False,"The current model class (BertModel) is not compatible with `.generate()`, as it doesn't have a language model head. Classes that support generation often end in one of these names: ['ForCausalLM', 'ForConditionalGeneration', 'ForSpeechSeq2Seq', 'ForVision2Seq']."
"Write a Calculator class. It shall contain common operations, such as addition or multiplication, but also more advanced operations, such as logarithm (of variable bases), factorial, trigonometry.",sentence-transformers/paraphrase-multilingual-MiniLM-L12-v2,0.5,1.0,0.95,False,"The current model class (BertModel) is not compatible with `.generate()`, as it doesn't have a language model head. Classes that support generation often end in one of these names: ['ForCausalLM', 'ForConditionalGeneration', 'ForSpeechSeq2Seq', 'ForVision2Seq']."
"Write a Calculator class. It shall contain common operations, such as addition or multiplication, but also more advanced operations, such as logarithm (of variable bases), factorial, trigonometry.",sentence-transformers/paraphrase-multilingual-MiniLM-L12-v2,0.5,2.0,0.75,False,"The current model class (BertModel) is not compatible with `.generate()`, as it doesn't have a language model head. Classes that support generation often end in one of these names: ['ForCausalLM', 'ForConditionalGeneration', 'ForSpeechSeq2Seq', 'ForVision2Seq']."
"Write a Calculator class. It shall contain common operations, such as addition or multiplication, but also more advanced operations, such as logarithm (of variable bases), factorial, trigonometry.",sentence-transformers/paraphrase-multilingual-MiniLM-L12-v2,0.5,2.0,0.85,False,"The current model class (BertModel) is not compatible with `.generate()`, as it doesn't have a language model head. Classes that support generation often end in one of these names: ['ForCausalLM', 'ForConditionalGeneration', 'ForSpeechSeq2Seq', 'ForVision2Seq']."
"Write a Calculator class. It shall contain common operations, such as addition or multiplication, but also more advanced operations, such as logarithm (of variable bases), factorial, trigonometry.",sentence-transformers/paraphrase-multilingual-MiniLM-L12-v2,0.5,2.0,0.95,False,"The current model class (BertModel) is not compatible with `.generate()`, as it doesn't have a language model head. Classes that support generation often end in one of these names: ['ForCausalLM', 'ForConditionalGeneration', 'ForSpeechSeq2Seq', 'ForVision2Seq']."
"Write a Calculator class. It shall contain common operations, such as addition or multiplication, but also more advanced operations, such as logarithm (of variable bases), factorial, trigonometry.",sentence-transformers/paraphrase-multilingual-MiniLM-L12-v2,0.5,3.0,0.75,False,"The current model class (BertModel) is not compatible with `.generate()`, as it doesn't have a language model head. Classes that support generation often end in one of these names: ['ForCausalLM', 'ForConditionalGeneration', 'ForSpeechSeq2Seq', 'ForVision2Seq']."
"Write a Calculator class. It shall contain common operations, such as addition or multiplication, but also more advanced operations, such as logarithm (of variable bases), factorial, trigonometry.",sentence-transformers/paraphrase-multilingual-MiniLM-L12-v2,0.5,3.0,0.85,False,"The current model class (BertModel) is not compatible with `.generate()`, as it doesn't have a language model head. Classes that support generation often end in one of these names: ['ForCausalLM', 'ForConditionalGeneration', 'ForSpeechSeq2Seq', 'ForVision2Seq']."
"Write a Calculator class. It shall contain common operations, such as addition or multiplication, but also more advanced operations, such as logarithm (of variable bases), factorial, trigonometry.",sentence-transformers/paraphrase-multilingual-MiniLM-L12-v2,0.5,3.0,0.95,False,"The current model class (BertModel) is not compatible with `.generate()`, as it doesn't have a language model head. Classes that support generation often end in one of these names: ['ForCausalLM', 'ForConditionalGeneration', 'ForSpeechSeq2Seq', 'ForVision2Seq']."
"Write a Calculator class. It shall contain common operations, such as addition or multiplication, but also more advanced operations, such as logarithm (of variable bases), factorial, trigonometry.",sentence-transformers/paraphrase-multilingual-MiniLM-L12-v2,0.5,4.0,0.75,False,"The current model class (BertModel) is not compatible with `.generate()`, as it doesn't have a language model head. Classes that support generation often end in one of these names: ['ForCausalLM', 'ForConditionalGeneration', 'ForSpeechSeq2Seq', 'ForVision2Seq']."
"Write a Calculator class. It shall contain common operations, such as addition or multiplication, but also more advanced operations, such as logarithm (of variable bases), factorial, trigonometry.",sentence-transformers/paraphrase-multilingual-MiniLM-L12-v2,0.5,4.0,0.85,False,"The current model class (BertModel) is not compatible with `.generate()`, as it doesn't have a language model head. Classes that support generation often end in one of these names: ['ForCausalLM', 'ForConditionalGeneration', 'ForSpeechSeq2Seq', 'ForVision2Seq']."
"Write a Calculator class. It shall contain common operations, such as addition or multiplication, but also more advanced operations, such as logarithm (of variable bases), factorial, trigonometry.",sentence-transformers/paraphrase-multilingual-MiniLM-L12-v2,0.5,4.0,0.95,False,"The current model class (BertModel) is not compatible with `.generate()`, as it doesn't have a language model head. Classes that support generation often end in one of these names: ['ForCausalLM', 'ForConditionalGeneration', 'ForSpeechSeq2Seq', 'ForVision2Seq']."
"Write a Calculator class. It shall contain common operations, such as addition or multiplication, but also more advanced operations, such as logarithm (of variable bases), factorial, trigonometry.",sentence-transformers/paraphrase-multilingual-MiniLM-L12-v2,0.75,1.0,0.75,False,"The current model class (BertModel) is not compatible with `.generate()`, as it doesn't have a language model head. Classes that support generation often end in one of these names: ['ForCausalLM', 'ForConditionalGeneration', 'ForSpeechSeq2Seq', 'ForVision2Seq']."
"Write a Calculator class. It shall contain common operations, such as addition or multiplication, but also more advanced operations, such as logarithm (of variable bases), factorial, trigonometry.",sentence-transformers/paraphrase-multilingual-MiniLM-L12-v2,0.75,1.0,0.85,False,"The current model class (BertModel) is not compatible with `.generate()`, as it doesn't have a language model head. Classes that support generation often end in one of these names: ['ForCausalLM', 'ForConditionalGeneration', 'ForSpeechSeq2Seq', 'ForVision2Seq']."
"Write a Calculator class. It shall contain common operations, such as addition or multiplication, but also more advanced operations, such as logarithm (of variable bases), factorial, trigonometry.",sentence-transformers/paraphrase-multilingual-MiniLM-L12-v2,0.75,1.0,0.95,False,"The current model class (BertModel) is not compatible with `.generate()`, as it doesn't have a language model head. Classes that support generation often end in one of these names: ['ForCausalLM', 'ForConditionalGeneration', 'ForSpeechSeq2Seq', 'ForVision2Seq']."
"Write a Calculator class. It shall contain common operations, such as addition or multiplication, but also more advanced operations, such as logarithm (of variable bases), factorial, trigonometry.",sentence-transformers/paraphrase-multilingual-MiniLM-L12-v2,0.75,2.0,0.75,False,"The current model class (BertModel) is not compatible with `.generate()`, as it doesn't have a language model head. Classes that support generation often end in one of these names: ['ForCausalLM', 'ForConditionalGeneration', 'ForSpeechSeq2Seq', 'ForVision2Seq']."
"Write a Calculator class. It shall contain common operations, such as addition or multiplication, but also more advanced operations, such as logarithm (of variable bases), factorial, trigonometry.",sentence-transformers/paraphrase-multilingual-MiniLM-L12-v2,0.75,2.0,0.85,False,"The current model class (BertModel) is not compatible with `.generate()`, as it doesn't have a language model head. Classes that support generation often end in one of these names: ['ForCausalLM', 'ForConditionalGeneration', 'ForSpeechSeq2Seq', 'ForVision2Seq']."
"Write a Calculator class. It shall contain common operations, such as addition or multiplication, but also more advanced operations, such as logarithm (of variable bases), factorial, trigonometry.",sentence-transformers/paraphrase-multilingual-MiniLM-L12-v2,0.75,2.0,0.95,False,"The current model class (BertModel) is not compatible with `.generate()`, as it doesn't have a language model head. Classes that support generation often end in one of these names: ['ForCausalLM', 'ForConditionalGeneration', 'ForSpeechSeq2Seq', 'ForVision2Seq']."
"Write a Calculator class. It shall contain common operations, such as addition or multiplication, but also more advanced operations, such as logarithm (of variable bases), factorial, trigonometry.",sentence-transformers/paraphrase-multilingual-MiniLM-L12-v2,0.75,3.0,0.75,False,"The current model class (BertModel) is not compatible with `.generate()`, as it doesn't have a language model head. Classes that support generation often end in one of these names: ['ForCausalLM', 'ForConditionalGeneration', 'ForSpeechSeq2Seq', 'ForVision2Seq']."
"Write a Calculator class. It shall contain common operations, such as addition or multiplication, but also more advanced operations, such as logarithm (of variable bases), factorial, trigonometry.",sentence-transformers/paraphrase-multilingual-MiniLM-L12-v2,0.75,3.0,0.85,False,"The current model class (BertModel) is not compatible with `.generate()`, as it doesn't have a language model head. Classes that support generation often end in one of these names: ['ForCausalLM', 'ForConditionalGeneration', 'ForSpeechSeq2Seq', 'ForVision2Seq']."
"Write a Calculator class. It shall contain common operations, such as addition or multiplication, but also more advanced operations, such as logarithm (of variable bases), factorial, trigonometry.",sentence-transformers/paraphrase-multilingual-MiniLM-L12-v2,0.75,3.0,0.95,False,"The current model class (BertModel) is not compatible with `.generate()`, as it doesn't have a language model head. Classes that support generation often end in one of these names: ['ForCausalLM', 'ForConditionalGeneration', 'ForSpeechSeq2Seq', 'ForVision2Seq']."
"Write a Calculator class. It shall contain common operations, such as addition or multiplication, but also more advanced operations, such as logarithm (of variable bases), factorial, trigonometry.",sentence-transformers/paraphrase-multilingual-MiniLM-L12-v2,0.75,4.0,0.75,False,"The current model class (BertModel) is not compatible with `.generate()`, as it doesn't have a language model head. Classes that support generation often end in one of these names: ['ForCausalLM', 'ForConditionalGeneration', 'ForSpeechSeq2Seq', 'ForVision2Seq']."
"Write a Calculator class. It shall contain common operations, such as addition or multiplication, but also more advanced operations, such as logarithm (of variable bases), factorial, trigonometry.",sentence-transformers/paraphrase-multilingual-MiniLM-L12-v2,0.75,4.0,0.85,False,"The current model class (BertModel) is not compatible with `.generate()`, as it doesn't have a language model head. Classes that support generation often end in one of these names: ['ForCausalLM', 'ForConditionalGeneration', 'ForSpeechSeq2Seq', 'ForVision2Seq']."
"Write a Calculator class. It shall contain common operations, such as addition or multiplication, but also more advanced operations, such as logarithm (of variable bases), factorial, trigonometry.",sentence-transformers/paraphrase-multilingual-MiniLM-L12-v2,0.75,4.0,0.95,False,"The current model class (BertModel) is not compatible with `.generate()`, as it doesn't have a language model head. Classes that support generation often end in one of these names: ['ForCausalLM', 'ForConditionalGeneration', 'ForSpeechSeq2Seq', 'ForVision2Seq']."
"Write a Calculator class. It shall contain common operations, such as addition or multiplication, but also more advanced operations, such as logarithm (of variable bases), factorial, trigonometry.",sentence-transformers/paraphrase-multilingual-MiniLM-L12-v2,1.0,1.0,0.75,False,"The current model class (BertModel) is not compatible with `.generate()`, as it doesn't have a language model head. Classes that support generation often end in one of these names: ['ForCausalLM', 'ForConditionalGeneration', 'ForSpeechSeq2Seq', 'ForVision2Seq']."
"Write a Calculator class. It shall contain common operations, such as addition or multiplication, but also more advanced operations, such as logarithm (of variable bases), factorial, trigonometry.",sentence-transformers/paraphrase-multilingual-MiniLM-L12-v2,1.0,1.0,0.85,False,"The current model class (BertModel) is not compatible with `.generate()`, as it doesn't have a language model head. Classes that support generation often end in one of these names: ['ForCausalLM', 'ForConditionalGeneration', 'ForSpeechSeq2Seq', 'ForVision2Seq']."
"Write a Calculator class. It shall contain common operations, such as addition or multiplication, but also more advanced operations, such as logarithm (of variable bases), factorial, trigonometry.",sentence-transformers/paraphrase-multilingual-MiniLM-L12-v2,1.0,1.0,0.95,False,"The current model class (BertModel) is not compatible with `.generate()`, as it doesn't have a language model head. Classes that support generation often end in one of these names: ['ForCausalLM', 'ForConditionalGeneration', 'ForSpeechSeq2Seq', 'ForVision2Seq']."
"Write a Calculator class. It shall contain common operations, such as addition or multiplication, but also more advanced operations, such as logarithm (of variable bases), factorial, trigonometry.",sentence-transformers/paraphrase-multilingual-MiniLM-L12-v2,1.0,2.0,0.75,False,"The current model class (BertModel) is not compatible with `.generate()`, as it doesn't have a language model head. Classes that support generation often end in one of these names: ['ForCausalLM', 'ForConditionalGeneration', 'ForSpeechSeq2Seq', 'ForVision2Seq']."
"Write a Calculator class. It shall contain common operations, such as addition or multiplication, but also more advanced operations, such as logarithm (of variable bases), factorial, trigonometry.",sentence-transformers/paraphrase-multilingual-MiniLM-L12-v2,1.0,2.0,0.85,False,"The current model class (BertModel) is not compatible with `.generate()`, as it doesn't have a language model head. Classes that support generation often end in one of these names: ['ForCausalLM', 'ForConditionalGeneration', 'ForSpeechSeq2Seq', 'ForVision2Seq']."
"Write a Calculator class. It shall contain common operations, such as addition or multiplication, but also more advanced operations, such as logarithm (of variable bases), factorial, trigonometry.",sentence-transformers/paraphrase-multilingual-MiniLM-L12-v2,1.0,2.0,0.95,False,"The current model class (BertModel) is not compatible with `.generate()`, as it doesn't have a language model head. Classes that support generation often end in one of these names: ['ForCausalLM', 'ForConditionalGeneration', 'ForSpeechSeq2Seq', 'ForVision2Seq']."
"Write a Calculator class. It shall contain common operations, such as addition or multiplication, but also more advanced operations, such as logarithm (of variable bases), factorial, trigonometry.",sentence-transformers/paraphrase-multilingual-MiniLM-L12-v2,1.0,3.0,0.75,False,"The current model class (BertModel) is not compatible with `.generate()`, as it doesn't have a language model head. Classes that support generation often end in one of these names: ['ForCausalLM', 'ForConditionalGeneration', 'ForSpeechSeq2Seq', 'ForVision2Seq']."
"Write a Calculator class. It shall contain common operations, such as addition or multiplication, but also more advanced operations, such as logarithm (of variable bases), factorial, trigonometry.",sentence-transformers/paraphrase-multilingual-MiniLM-L12-v2,1.0,3.0,0.85,False,"The current model class (BertModel) is not compatible with `.generate()`, as it doesn't have a language model head. Classes that support generation often end in one of these names: ['ForCausalLM', 'ForConditionalGeneration', 'ForSpeechSeq2Seq', 'ForVision2Seq']."
"Write a Calculator class. It shall contain common operations, such as addition or multiplication, but also more advanced operations, such as logarithm (of variable bases), factorial, trigonometry.",sentence-transformers/paraphrase-multilingual-MiniLM-L12-v2,1.0,3.0,0.95,False,"The current model class (BertModel) is not compatible with `.generate()`, as it doesn't have a language model head. Classes that support generation often end in one of these names: ['ForCausalLM', 'ForConditionalGeneration', 'ForSpeechSeq2Seq', 'ForVision2Seq']."
"Write a Calculator class. It shall contain common operations, such as addition or multiplication, but also more advanced operations, such as logarithm (of variable bases), factorial, trigonometry.",sentence-transformers/paraphrase-multilingual-MiniLM-L12-v2,1.0,4.0,0.75,False,"The current model class (BertModel) is not compatible with `.generate()`, as it doesn't have a language model head. Classes that support generation often end in one of these names: ['ForCausalLM', 'ForConditionalGeneration', 'ForSpeechSeq2Seq', 'ForVision2Seq']."
"Write a Calculator class. It shall contain common operations, such as addition or multiplication, but also more advanced operations, such as logarithm (of variable bases), factorial, trigonometry.",sentence-transformers/paraphrase-multilingual-MiniLM-L12-v2,1.0,4.0,0.85,False,"The current model class (BertModel) is not compatible with `.generate()`, as it doesn't have a language model head. Classes that support generation often end in one of these names: ['ForCausalLM', 'ForConditionalGeneration', 'ForSpeechSeq2Seq', 'ForVision2Seq']."
"Write a Calculator class. It shall contain common operations, such as addition or multiplication, but also more advanced operations, such as logarithm (of variable bases), factorial, trigonometry.",sentence-transformers/paraphrase-multilingual-MiniLM-L12-v2,1.0,4.0,0.95,False,"The current model class (BertModel) is not compatible with `.generate()`, as it doesn't have a language model head. Classes that support generation often end in one of these names: ['ForCausalLM', 'ForConditionalGeneration', 'ForSpeechSeq2Seq', 'ForVision2Seq']."
